{"path": "body", "means": [0.06484050184440379, 0.06718090599394404, 0.07127327572275131], "stds": [0.2088075459038679, 0.20012519201951368, 0.23498672043315685]}
{"path": "texture", "means": [0.8319639705048438, 0.8105952930426163, 0.8038053056173073], "stds": [0.22878186598352074, 0.245635337367858, 0.2517315913036158]}
